,url,country_weight
0,http://aarjapan.blogspot.com/2020/04/zambia-we-are-ones-to-build-community.html,"[('Angola', 4), ('Haiti', 1), ('Japan', 29), ('Malawi', 1), ('Rwanda', 2), ('Zambia', 13)]"
1,http://english.ahram.org.eg/NewsContent/1/64/358696/Egypt/Politics-/Egypt-number-one-in-Africa-in-water-desalination-r.aspx,"[('United States of America', 1)]"
2,http://english.ahram.org.eg/NewsContent/1/64/359272/Egypt/Politics-/Egypts-water-challenges-Beyond-the-dam-saga-.aspx,"[('Australia', 1), ('Egypt', 28), ('Ethiopia', 3), ('Japan', 1), ('Kuwait', 1), ('Malta', 2), ('Saudi Arabia', 2), ('Spain', 1), ('Sudan', 1), ('United States of America', 61)]"
3,http://english.ahram.org.eg/NewsContent/1/64/374418/Egypt/Politics-/Egypt-says-significant-harm-to-water-security-from.aspx,"[('Egypt', 1), ('Ethiopia', 9), ('South Africa', 1), ('Sudan', 2), ('United States of America', 6)]"
4,http://english.ahram.org.eg/NewsContent/1/64/375372/Egypt/Politics-/Egypt-rejects-unilateralism-compromising-right-to-.aspx,"[('Egypt', 3), ('Ethiopia', 10), ('France', 1), ('Italy', 1), ('Libya', 4), ('Margraviate of Brandenburg', 2), ('South Africa', 4), ('Sudan', 5), ('United Arab Emirates', 1), ('United States of America', 11)]"
5,http://english.ahram.org.eg/NewsContent/4/0/372290/Opinion/GERD--Ethiopian-Water-Resources-Is-it-an-Aspiratio.aspx,"[('Djibouti', 1), ('Egypt', 1), ('Eritrea', 1), ('Ethiopia', 75), ('Greece', 1), ('Kenya', 1), ('Somalia', 1), ('Sudan', 13), ('United Kingdom', 2), ('United States of America', 80)]"
6,http://humanityafrica.org.uk/the-water-crisis-in-zambia/,"[('Zambia', 2)]"
7,http://kubatana.net/2020/07/16/byo-water-crisis-worries-parliament/,"[('Nigeria', 1), ('United States of America', 1), ('Zimbabwe', 13)]"
8,http://kubatana.net/2020/07/31/luveve-residents-health-deteriorates-following-consumption-of-contaminated-water/,"[('Zimbabwe', 6)]"
9,http://kubatana.net/2020/07/31/plumtree-ward-1-residents-convene-over-raw-water-supply/,"[('Nigeria', 2), ('Zambia', 6), ('Zimbabwe', 4)]"
10,http://kubatana.net/2020/08/04/humanitarian-disaster-looms-as-city-runs-dry-in-the-midst-of-covid-19-peak/,"[('United States of America', 2), ('Zimbabwe', 10)]"
11,http://new.observer.org.sz/details.php?id=10893,"[('Eswatini', 9)]"
12,http://new.observer.org.sz/details.php?id=8333,"[('Eswatini', 12)]"
13,http://opiniojuris.org/2020/05/04/so-close-yet-so-far-an-account-of-the-negotiations-on-the-grand-ethiopian-renaissance-dam-part-i/?fbclid=IwAR3_ZLyc4AdD_mj7j1EYn_Xk0Kc1ztXuAJySeaQKL1DjuO_8ncKqP-hquX8,"[('Byzantine Empire', 1), ('Egypt', 2), ('Ethiopia', 28), ('France', 2), ('Sudan', 3), ('United States of America', 24)]"
14,http://opiniojuris.org/2020/05/04/so-close-yet-so-far-an-account-of-the-negotiations-on-the-grand-ethiopian-renaissance-dam-part-ii/?fbclid=IwAR0lkmyxDwNgY2T4ElfHaJTXa_alg7VN_vA_nfulnv4Eiy7uC57WA9StvyU,"[('Egypt', 2), ('Ethiopia', 32), ('Sudan', 3), ('United States of America', 44)]"
15,http://opiniojuris.org/2020/05/04/so-close-yet-so-far-an-account-of-the-negotiations-on-the-grand-ethiopian-renaissance-dam-part-iii/?fbclid=IwAR09xp5XHDpLlaEJRIgj49h-x9Afw-gayvG2aLBgwAMkXHu0n4F4GjxiiCE,"[('Czechoslovakia', 3), ('Ethiopia', 17), ('France', 1), ('Hungary', 8), ('Slovakia', 5), ('Sudan', 5), ('United States of America', 12)]"
16,http://tanzdevtrust.org/water-projects/,"[('Germany', 1), ('Tanzania', 24), ('United Kingdom', 7), ('United States of America', 1)]"
17,"http://www.angop.ao/angola/en_us/noticias/politica/2019/2/12/Angola-population-has-access-drinking-water,06524129-d4ee-4ebe-bf10-c42db12120c0.html","[('Angola', 6)]"
18,"http://www.angop.ao/angola/en_us/noticias/politica/2020/7/31/Government-announces-plans-create-regional-river-basin-offices,d98bd964-d22d-4e0a-a885-248fc99a38cf.html","[('Angola', 4)]"
19,"http://www.angop.ao/angola/en_us/noticias/saude/2020/3/15/Covid-Government-distributes-500-cubic-metres-water-daily,d2cc4280-9561-460c-b884-85ddaa8992da.html","[('Angola', 5)]"
20,"http://www.angop.ao/angola/en_us/noticias/saude/2020/4/22/Covid-Electricity-water-bills-should-paid-until-July,a2a0bf3d-59df-49b5-8ab9-c1ac1ed19cbb.html","[('Angola', 1)]"
21,http://www.daily-mail.co.zm/beaconing-global-water-crisis-sends-shivers/,"[('Zambia', 11)]"
22,http://www.emro.who.int/egy/programmes/neglected-tropical-diseases.html,"[('Egypt', 2), ('United States of America', 4)]"
23,http://www.fao.org/emergencies/fao-in-action/stories/stories-detail/en/c/1048492/,"[('Kenya', 10)]"
24,http://www.fao.org/nr/water/aquastat/countries_regions/TZA/print1.stm,"[('Angola', 2), ('Australia', 11), ('Botswana', 2), ('Burundi', 4), ('Cameroon', 1), ('Central African Republic', 1), ('Democratic Republic of the Congo', 9), ('Ethiopia', 2), ('Italy', 1), ('Kenya', 6), ('Mozambique', 3), ('Namibia', 1), ('Nigeria', 1), ('Republic of the Congo', 10), ('Rwanda', 7), ('South Sudan', 1), ('Sudan', 3), ('Sweden', 1), ('Tanzania', 94), ('Uganda', 12), ('United Kingdom', 4), ('United States of America', 9), ('Zambia', 3)]"
25,https://263chat.com/artisanal-miners-contaminating-mutare-water/,"[('Zimbabwe', 14)]"
26,https://abcnews.go.com/International/wireStory/year-deadly-cyclone-mozambique-now-braces-virus-69615569,"[('Malawi', 1), ('Mozambique', 24), ('Nigeria', 1), ('South Africa', 2)]"
27,https://actionaid.org/stories/2019/severe-drought-hits-mozambique-months-after-devastating-cyclone-idai,"[('Malawi', 1), ('Mozambique', 14), ('Nigeria', 2), ('Portugal', 1)]"
28,https://africa.cgtn.com/2020/07/22/mozambique-to-improve-sanitation-for-school-re-opening-amid-covid-19-pandemic/,"[('Ghana', 1), ('Mozambique', 6), (""People's Republic of China"", 2)]"
29,https://allafrica.com/stories/201902120865.html,"[('Kenya', 1), ('Malawi', 6), ('Nigeria', 1), ('Senegal', 1), ('South Africa', 2), ('United States of America', 2)]"
30,https://allafrica.com/stories/201906110714.html,"[('Kenya', 1), ('Mozambique', 28), ('Nigeria', 1), ('Senegal', 1), ('South Africa', 2), ('Sri Lanka', 1), ('United States of America', 3)]"
31,https://allafrica.com/stories/202003250937.html,"[('Kenya', 1), ('Namibia', 6), ('Nigeria', 1), ('Roman Empire', 1), ('Senegal', 1), ('South Africa', 2), ('United States of America', 2)]"
32,https://allafrica.com/stories/202004010250.html,"[('Egypt', 3), ('Ethiopia', 31), ('Kenya', 2), ('Nigeria', 1), ('Senegal', 1), ('South Africa', 2), ('Sudan', 11), ('United Kingdom', 2), ('United States of America', 50)]"
33,https://allafrica.com/stories/202004140554.html,"[('Australia', 1), ('France', 1), ('Kenya', 1), ('Mozambique', 13), ('Nigeria', 1), ('Senegal', 1), ('South Africa', 2), ('Sri Lanka', 1), ('United States of America', 2)]"
34,https://allafrica.com/stories/202006160520.html,"[('Kenya', 1), ('Nigeria', 1), ('Senegal', 1), ('South Africa', 2), ('Tanzania', 1), ('United States of America', 1)]"
35,https://allafrica.com/stories/202006170661.html,"[('Kenya', 1), ('Namibia', 10), ('Nigeria', 1), ('Senegal', 1), ('South Africa', 2), ('United States of America', 2)]"
36,https://allafrica.com/stories/202007150866.html,"[('Kenya', 1), ('Mozambique', 9), ('Nigeria', 1), ('Senegal', 1), ('South Africa', 2), ('United States of America', 2)]"
37,https://borgenproject.org/drought-water-quality-in-somalia/,"[('Somalia', 12)]"
38,https://borgenproject.org/tanzanias-struggle-potable-water/,"[('Germany', 1), ('Guinea', 1), ('Sweden', 1), ('Tanzania', 10)]"
39,https://borgenproject.org/water-access-in-angola/,"[('Angola', 25)]"
40,https://borgenproject.org/water-management-system-in-somalia/,"[('Israel', 1), ('Saudi Arabia', 2), ('Somalia', 18), ('Somaliland', 1), ('United Kingdom', 1), ('United States of America', 1)]"
41,https://borgenproject.org/water-quality-in-malawi/,"[('Malawi', 13)]"
42,https://borgenproject.org/water-quality-in-namibia/,"[('Namibia', 10), ('United States of America', 1)]"
43,https://borgenproject.org/water-quality-in-the-democratic-republic-of-the-congo/,"[('Democratic Republic of the Congo', 10), ('Republic of the Congo', 2)]"
44,https://ccafs.cgiar.org/blog/assessing-loss-and-damage-double-impact-floods-and-droughts-mozambique#.Xy1TpSgza00,"[('Mozambique', 13)]"
45,https://clubofmozambique.com/news/clean-drinking-water-promised-for-cabo-delgado-163258/,"[('Mozambique', 9), ('United States of America', 1)]"
46,https://clubofmozambique.com/news/interview-drought-in-mozambique-will-continue-and-the-country-should-prepare-fao/,"[('Bhutan', 1), ('Costa Rica', 1), ('Ecuador', 1), ('Equatorial Guinea', 1), ('Germany', 1), ('Guinea', 1), ('Hungary', 1), ('Italy', 1), ('Malawi', 1), ('Mozambique', 10), ('South Africa', 2), ('Tanzania', 1)]"
47,https://clubofmozambique.com/news/mozambique-considers-seawater-desalination-project-for-maputo/,"[('Mozambique', 3)]"
48,https://clubofmozambique.com/news/mozambique-drought-in-south-means-below-average-harvest-for-third-year-fews-151617/,"[('Mozambique', 14), ('Sri Lanka', 1), ('United States of America', 2)]"
49,https://clubofmozambique.com/news/mozambique-future-mphanda-nkuwa-dam-estimated-at-us4-billion-165371/,"[('Mozambique', 6), ('United States of America', 1)]"
50,https://clubofmozambique.com/news/watch-new-water-treatment-station-inaugurated-aim-148273/,"[('Mozambique', 22), ('Netherlands', 1), ('South Africa', 1), ('Sri Lanka', 1)]"
51,https://constructionreviewonline.com/2019/11/construction-of-us-14bn-grand-inga-dam-in-congo-on-track/,"[('Angola', 1), ('Botswana', 1), ('Democratic Republic of the Congo', 2), ('Namibia', 1), ('South Africa', 3), ('United States of America', 1)]"
52,https://constructionreviewonline.com/2020/01/drc-begins-constructing-an-industrial-water-treatment-complex/,"[('Democratic Republic of the Congo', 6), (""People's Republic of China"", 3)]"
53,https://dailynews.co.tz/news/2020-02-105e411cf45ded9.aspx,"[('Tanzania', 8)]"
54,https://dailynews.co.tz/news/2020-04-065e8ab091a40f4.aspx,"[('Tanzania', 2)]"
55,https://dailynews.co.tz/news/2020-04-205e9dc9c5d7968.aspx,"[('France', 1), ('Tanzania', 8)]"
56,https://dailynews.co.tz/news/2020-05-205ec5106300de0.aspx,"[('Tanzania', 11)]"
57,https://dailynews.co.tz/news/2020-05-265eccb6f2116aa.aspx,"[('Tanzania', 2)]"
58,https://dailynews.co.tz/news/2020-06-035ed73669bc816.aspx,"[('Australia', 2), ('Burundi', 4), ('Democratic Republic of the Congo', 2), ('Germany', 1), ('Kenya', 2), ('Rwanda', 3), ('Tanzania', 6), ('Thailand', 1), ('Uganda', 11)]"
59,https://dailynews.co.tz/news/2020-07-215f168e8e6c216.aspx#,"[('Australia', 1), ('Tanzania', 6)]"
60,https://diggers.news/business/2020/07/30/lukanga-water-misapplied-k1-9m-meant-for-sanitation-extension-projects-ag/,"[('France', 1), ('Zambia', 3)]"
61,https://drop4drop.org/mozambiques-water-crisis/,"[('Mozambique', 11)]"
62,https://drop4drop.org/water-crisis-malawi/,"[('Malawi', 4)]"
63,https://e360.yale.edu/digest/taps-run-dry-for-half-of-zimbabwes-capital-city-affecting-millions,"[('Botswana', 2), ('India', 2), ('Nigeria', 16), (""People's Republic of China"", 2), ('Zimbabwe', 12)]"
64,https://eastafricatraveltips.com/is-the-water-safe-to-drink-in-kenya/,"[('Kenya', 51), ('United Kingdom', 2), ('United States of America', 1)]"
65,https://economist.com.na/37752/environment/city-fathers-urge-residents-to-save-water-by-taking-weekly-or-daily-meter-readings/,"[('Namibia', 2)]"
66,https://economist.com.na/42838/agriculture/one-third-of-water-left-in-dams-meatco/,"[('Namibia', 4)]"
67,https://economist.com.na/49949/extra/capital-city-achieves-water-saving-target-city-fathers-say-windhoek-is-still-challenged-by-a-severe-water-scarcity/,"[('Namibia', 5)]"
68,https://edition.cnn.com/2014/12/11/world/africa/somalia-drinking-water-deaths/index.html,"[('Somalia', 8)]"
69,https://edition.cnn.com/2018/09/12/africa/zimbabwe-cholera-emergency-outbreak/index.html,"[('Nigeria', 16), ('United States of America', 2), ('Zimbabwe', 10)]"
70,https://edition.cnn.com/2019/07/17/africa/zimbabwe-water-crisis-intl/index.html,"[('Nigeria', 12), ('Roman Empire', 2), ('Zimbabwe', 24)]"
71,https://edition.cnn.com/2019/08/07/africa/zimbabwe-millions-starvation-intl/index.html,"[('Nigeria', 20), ('United States of America', 2), ('Zimbabwe', 16)]"
72,https://edition.cnn.com/2019/09/24/africa/harare-water-crisis-intl/index.html,"[('Nigeria', 12), ('United States of America', 2), ('Zimbabwe', 12)]"
73,https://edition.cnn.com/2019/12/14/africa/climate-change-southern-africa-intl/index.html,"[('Australia', 4), ('France', 2), ('Mozambique', 1), ('Nigeria', 9), ('Somaliland', 1), ('South Africa', 8), ('Spain', 5), ('Sweden', 1), ('United States of America', 1), ('Zambia', 1), ('Zimbabwe', 2)]"
74,https://egyptianstreets.com/2018/06/03/drinking-water-prices-increase-nearly-50-in-egypt/,"[('United States of America', 7)]"
75,https://egyptianstreets.com/2018/06/28/egypt-water-scarcity-dangerous-and-below-level-of-poverty/,"[('Egypt', 1), ('United States of America', 15)]"
76,https://egyptianstreets.com/2018/08/02/is-egypt-running-out-of-water/,"[('Ethiopia', 5), ('Finland', 1), ('Sudan', 2), ('United Kingdom', 1), ('United States of America', 36)]"
77,https://egyptianstreets.com/2018/10/16/egypt-will-reuse-treated-wastewater-in-agriculture/,"[('Egypt', 3), ('United States of America', 12)]"
78,https://egyptianstreets.com/2018/12/15/just-how-polluted-is-the-nile/,"[('Egypt', 6), ('Niger', 1), ('United States of America', 6)]"
79,https://en.wikipedia.org/wiki/Water_supply_and_sanitation_in_Mozambique,"[('Austria', 1), ('Canada', 4), ('France', 3), ('Ireland', 1), ('Italy', 1), ('Japan', 1), ('Kingdom of the Netherlands', 10), ('Mozambique', 122), ('Portugal', 4), ('Sri Lanka', 2), ('State of Palestine', 2), ('Sweden', 2), ('Switzerland', 9), ('United Kingdom', 3), ('United States of America', 18)]"
80,https://eswatini.un.org/en/24090-government-launches-eswatini-national-water-policy,"[('Eswatini', 5)]"
81,https://finance.yahoo.com/news/africa-biggest-hydropower-plant-may-162022520.html,"[('Mozambique', 3), ('Nigeria', 2), ('South Africa', 5), ('Zambia', 3)]"
82,https://globalpressjournal.com/africa/democratic-republic-of-congo/water-scarcity-creates-hardship-drc-community-find-opportunity-instead/,"[('Democratic Republic of the Congo', 26), ('France', 1)]"
83,https://globalpressjournal.com/africa/zambia/theres-money-clean-water-zambia-little-changed/,"[('United States of America', 1), ('Zambia', 18)]"
84,https://insight.wfp.org/ethiopia-the-crippling-effects-of-drought-and-the-light-at-the-end-of-the-tunnel-d2f80732fc2,"[('Austria', 1), ('Canada', 1), ('Ethiopia', 22), ('France', 1), ('Germany', 1), ('Japan', 1), ('Kingdom of Denmark', 1), ('Luxembourg', 1), (""People's Republic of China"", 1), ('Somalia', 8), ('Sweden', 1), ('Switzerland', 1), ('United Kingdom', 1), ('United States of America', 1)]"
85,https://issuu.com/unicefangola/docs/wash_schools_angola_2016,"[('Angola', 4)]"
86,https://jobs.undp.org/cj_view_job.cfm?cur_job_id=93217,"[('Eswatini', 18), ('France', 3), ('Mozambique', 5), ('South Africa', 10)]"
87,https://learningenglish.voanews.com/a/lack-of-clean-water-in-angola-leads-to-delivery-services/4891328.html,"[('Angola', 15), ('United States of America', 1)]"
88,https://lifewater.org/blog/ethiopia-water-crisis/,"[('Cambodia', 1), ('Ethiopia', 25), ('Tanzania', 1), ('Uganda', 1)]"
89,https://lifewater.org/blog/tanzania-water-crisis-facts/,"[('Burundi', 1), ('Cambodia', 1), ('Ethiopia', 2), ('Tanzania', 29), ('Uganda', 1)]"
90,https://link.springer.com/article/10.1186/s40068-015-0049-7,"[('Djibouti', 1), ('Eritrea', 1), ('Ethiopia', 65), ('Germany', 1), ('Italy', 1), ('Kenya', 1), ('Nigeria', 2), ('Somalia', 6), ('Sudan', 1), ('Switzerland', 1), ('United States of America', 4)]"
91,https://macauhub.com.mo/2016/03/23/brazils-andrade-gutierrez-starts-construction-of-dam-in-mozambique/,"[('Brazil', 2), ('Mozambique', 4), ('South Africa', 2), ('United States of America', 4)]"
92,https://malawi24.com/2019/12/09/govt-says-it-is-committed-to-improving-water-supply/,"[('Malawi', 7)]"
93,https://mg.co.za/news/2020-08-08-sekhukhunes-five-year-battle-for-water-back-in-court/,"[('South Africa', 10)]"
94,https://muslimhands.org.uk/latest/2019/10/water-scarcity-in-somalia-on-the-ground-solutions,"[('Somalia', 12), ('United Kingdom', 2)]"
95,https://news.stanford.edu/news/2013/december/africa-water-practice-120613.html,"[('Mozambique', 9)]"
96,https://news.trust.org/item/20140211161128-0fpvd/?source=hptop,"[('Australia', 1), ('Kenya', 1), ('Tanzania', 25)]"
97,https://news.trust.org/item/20160303102838-e0jr1/?source=fiOtherNews3,"[('Australia', 1), ('France', 3), ('Tanzania', 11)]"
98,https://news.trust.org/item/20180516111628-sjrci/,"[('Zambia', 12)]"
99,https://news.un.org/en/story/2018/12/1029191,"[('Ethiopia', 1), ('Somalia', 7)]"
100,https://phys.org/news/2013-02-mozambique-due-early.html,"[('Eswatini', 1), ('Mozambique', 23), ('Philippines', 1), ('South Africa', 3), ('United States of America', 1)]"
101,https://postconflict.unep.ch/publications/UNEP_DRC_water.pdf,"[('South Sudan', 1), ('Sudan', 1)]"
102,https://projectsportal.afdb.org/dataportal/VProject/show/P-SO-E00-001,"[('Somalia', 2), ('Somaliland', 7)]"
103,https://pubmed.ncbi.nlm.nih.gov/12627915/,"[('Iran', 2), ('Japan', 1), ('Mozambique', 3), ('Palestinian National Authority', 1)]"
104,https://reachwater.org.uk/category/kenya/,"[('Bangladesh', 2), ('Ethiopia', 2), ('Kenya', 5), ('United Kingdom', 3)]"
105,https://reliefweb.int/disaster/ff-2020-000055-som,"[('Ethiopia', 3), ('Somalia', 39), ('Somaliland', 5)]"
106,https://reliefweb.int/disaster/fl-2020-000126-eth,"[('Ethiopia', 11), ('Somalia', 3)]"
107,https://reliefweb.int/report/angola/angola-some-80-percent-people-benefit-water-all-project,"[('Angola', 10)]"
108,https://reliefweb.int/report/angola/where-drinking-water-90-minute-walk-away,"[('Angola', 13), ('Sri Lanka', 1)]"
109,https://reliefweb.int/report/botswana/southern-africa-drought-food-insecurity-operation-update-report-n-mdr63003,"[('Botswana', 2), ('Eswatini', 1), ('Lesotho', 1), ('Namibia', 2), ('United Kingdom', 1)]"
110,https://reliefweb.int/report/ethiopia/ethiopia-floods-flash-update-5-may-2020,"[('Ethiopia', 19), ('Somalia', 5)]"
111,https://reliefweb.int/report/ethiopia/water-borne-disease-affects-thousands-southern-ethiopia,"[('Ethiopia', 5)]"
112,https://reliefweb.int/report/kenya/effects-drought-horn-africa-go-far-beyond-hunger,"[('Ethiopia', 8), ('Kenya', 13), ('Somalia', 6), ('Somaliland', 1)]"
113,"https://reliefweb.int/report/kenya/kenya-floods-flash-update-no-1-7-may-2020#:~:text=Heavy%20rains%20have%20intensified%20in,%2C%20displacement%2C%20flooding%20and%20landslides.&text=Sin","[('Australia', 2), ('Kenya', 27)]"
114,https://reliefweb.int/report/kenya/seven-contract-water-borne-diseases,"[('Kenya', 13)]"
115,https://reliefweb.int/report/kenya/water-handwashing-slums-critical-prevent-covid-19-spreading,"[('Kenya', 4)]"
116,https://reliefweb.int/report/malawi/cholera-outbreak-malawi-raises-concerns-large-scale-spread-unicef,"[('Malawi', 13), ('Mozambique', 1), ('Switzerland', 2), ('United Kingdom', 1)]"
117,https://reliefweb.int/report/malawi/cyclone-idai-fast-action-needed-combat-spread-water-borne-diseases,"[('Malawi', 8)]"
118,https://reliefweb.int/report/malawi/un-responds-humanitarian-needs-gradual-shift-recovery-and-strengthening-resilience,"[('Malawi', 15), ('United States of America', 2)]"
119,https://reliefweb.int/report/mozambique/mozambique-recovery-recurrent-floods-2000-2013-recovery-framework-case-study,"[('Mozambique', 10), ('United States of America', 1)]"
120,https://reliefweb.int/report/mozambique/over-15-million-mozambicans-face-food-insecurity-caused-severe-drought,"[('Botswana', 1), ('Madagascar', 1), ('Malawi', 1), ('Mozambique', 16), ('Namibia', 1), ('Nigeria', 1), ('South Africa', 2), ('United States of America', 1)]"
121,https://reliefweb.int/report/mozambique/protecting-small-farms-mozambique-drought,"[('Mexico', 1), ('Mozambique', 14), ('Nicaragua', 2), ('Tanzania', 2)]"
122,https://reliefweb.int/report/somalia/clean-water-19000-people-somalia,"[('Kenya', 1), ('Somalia', 5)]"
123,https://reliefweb.int/report/somalia/newly-built-dam-will-bring-clean-water-5000-people-southern-puntland,"[('Somalia', 15)]"
124,"https://reliefweb.int/report/somalia/somalia-floods-update-11-may-2020#:~:text=Heavy%20rains%20led%20to%20flash,coastal%20parts%20of%20southern%20Somalia.","[('Ethiopia', 4), ('Kenya', 1), ('Somalia', 37), ('Somaliland', 2)]"
125,https://reliefweb.int/report/somalia/somalia-research-terms-reference-joint-multi-cluster-needs-assessment-jmcna-som2006,"[('Somalia', 3)]"
126,https://reliefweb.int/report/somalia/somalia-wash-cluster-dashboard-updated-31st-july-2020,"[('Somalia', 4)]"
127,https://reliefweb.int/report/somalia/somalia-water-sanitation-and-hygiene-assessment-report-december-2019,"[('Ethiopia', 1), ('Kenya', 1), ('Somalia', 12)]"
128,https://reliefweb.int/report/somalia/somaliland-water-infrastructure-development-resilience-somaliland-program-esmf,"[('Ethiopia', 1), ('Somaliland', 6)]"
129,https://reliefweb.int/report/somalia/sustained-water-supply-children-and-women-somaliland-enso,"[('Ethiopia', 1), ('Somalia', 6), ('Somaliland', 14)]"
130,https://reliefweb.int/report/somalia/waterborne-diseases-pose-lethal-threat-children-southern-somalia,"[('Kenya', 2), ('Somalia', 22)]"
131,https://reliefweb.int/report/swaziland/swaziland-govt-looks-ways-bring-water-people,"[('Eswatini', 18), ('South Africa', 1), ('United States of America', 1)]"
132,https://reliefweb.int/report/united-republic-tanzania/kuwait-inaugurates-16-water-wells-tanzania-schools,"[('Ethiopia', 1), ('Kuwait', 8), ('Tanzania', 8)]"
133,https://reliefweb.int/report/united-republic-tanzania/reaching-sdgs-untapped-potential-tanzania-s-water-supply-sanitation,"[('Tanzania', 19)]"
134,https://reliefweb.int/report/united-republic-tanzania/zanzibar-water-and-sanitation-project-improving-lives-rural,"[('Tanzania', 25), ('United States of America', 2)]"
135,https://reliefweb.int/report/zimbabwe/drought-southern-africa-eu-releases-over-22-million-humanitarian-aid,"[('Eswatini', 2), ('Lesotho', 2), ('Madagascar', 2), ('Nigeria', 5), ('Zambia', 2)]"
136,https://reliefweb.int/report/zimbabwe/joint-call-action-address-impacts-climate-change-and-deepening-humanitarian-crisis,"[('Angola', 9), ('Brazil', 1), ('Comoros', 2), ('Eswatini', 1), ('Lesotho', 1), ('Madagascar', 4), ('Malawi', 2), ('Mozambique', 6), ('Namibia', 2), ('Nigeria', 9), ('South Africa', 12), ('Tanzania', 1), ('Zambia', 4), ('Zimbabwe', 1)]"
137,https://reliefweb.int/report/zimbabwe/water-crisis-fact-sheet-no-2-2019,"[('Nigeria', 12), ('United States of America', 2), ('Zimbabwe', 4)]"
138,https://smartwatermagazine.com/news/smart-water-magazine/capital-mozambique-close-water-supply-alternate-days,"[('Mozambique', 7)]"
139,https://smartwatermagazine.com/news/smart-water-magazine/democratic-republic-congo-provide-free-water-and-electricity-amidst,"[('Democratic Republic of the Congo', 3)]"
140,https://smartwatermagazine.com/news/world-bank/mozambique-gets-further-support-its-water-systems-following-damages-caused-cyclones,"[('Kingdom of the Netherlands', 1), ('Malawi', 1), ('Mozambique', 10), ('Nigeria', 1)]"
141,https://southerntimesafrica.com/site/news/3-million-at-risk-of-contracting-water-borne-diseases-in-sadc,"[('Andorra', 1), ('Angola', 1), ('Botswana', 16), ('Comoros', 1), ('Ethiopia', 1), ('Malawi', 1), ('Mozambique', 1), ('Namibia', 6), ('Nigeria', 5), ('South Africa', 1), ('Tanzania', 3), ('Zambia', 3), ('Zimbabwe', 4)]"
142,https://thearabweekly.com/nile-vital-source-water-turns-source-disease,"[('Egypt', 2), ('United States of America', 11)]"
143,https://theconversation.com/mozambique-water-project-insights-into-supply-and-use-in-a-peri-urban-area-115171,"[('Australia', 11), ('Malawi', 2), ('Mozambique', 21)]"
144,https://theowp.org/reports/kenyas-water-crisis/,"[('Ethiopia', 1), ('Kenya', 26), ('Kingdom of Denmark', 1), ('Norway', 1)]"
145,https://thewaterproject.org/community/2020/04/17/in-kenya-water-sanitation-and-hygiene-are-essential-services-during-covid-19-pandemic/,"[('Kenya', 2), ('United States of America', 2)]"
146,https://thewaterproject.org/water-crisis/water-in-crisis-congo,"[('Democratic Republic of the Congo', 12), ('Republic of the Congo', 1), ('United States of America', 3)]"
147,https://thewaterproject.org/water-crisis/water-in-crisis-swaziland,"[('Eswatini', 9), ('Mozambique', 1), ('South Africa', 2), ('United States of America', 2)]"
148,https://thewaterproject.org/water-crisis/water-in-crisis-tanzania,"[('Roman Empire', 1), ('Tanzania', 17), ('United Kingdom', 1), ('United States of America', 2)]"
149,https://times.mw/in-search-of-water-problems-solutions/,"[('Malawi', 20), ('Mozambique', 1), ('Nicaragua', 1), ('Nigeria', 1), ('South Africa', 1)]"
150,https://watchers.news/2020/05/08/floods-affect-more-than-200-000-displace-100-000-people-in-ethiopia/,"[('Australia', 2), ('Ethiopia', 10), ('Finland', 2), ('Russia', 2), ('Somalia', 1), ('United States of America', 1), ('Vietnam', 1)]"
151,https://water.fanack.com/egypt/shared-water-resources-egypt/,"[('Chad', 2), ('Egypt', 1), ('Ethiopia', 5), ('Kenya', 1), ('Libya', 2), ('Sudan', 9), ('Tanzania', 1), ('Uganda', 1), ('United Kingdom', 1), ('United States of America', 19)]"
152,https://water.fanack.com/egypt/water-infrastructure/,"[('Egypt', 11), ('United Kingdom', 1), ('United States of America', 14)]"
153,https://water.fanack.com/egypt/water-quality/,"[('Egypt', 2), ('United States of America', 8)]"
154,https://water.org/our-impact/where-we-work/tanzania/,"[('Tanzania', 13)]"
155,https://www.aa.com.tr/en/africa/water-for-sale-amid-shortage-of-precious-liquid-in-zimbabwe/1884893,"[('Nigeria', 24), ('South Africa', 2), ('Zimbabwe', 12)]"
156,https://www.actionagainsthunger.org/story/ripple-effects-improved-access-water-and-sanitation-somalia,"[('Somalia', 5)]"
157,https://www.actionagainsthunger.org/story/somalia-coping-extreme-water-shortages,"[('Somalia', 11)]"
158,https://www.actionaid.org.uk/blog/news/2017/03/27/fighting-the-impacts-of-drought-in-kenya,"[('Kenya', 4)]"
159,https://www.adpublications.org/assessing-the-availability-of-community-water-at-madlangamphisi-a-community-in-the-hhohho-region-of-eswatini/,"[('Eswatini', 4)]"
160,https://www.afd.fr/en/carte-des-projets/institutional-development-urban-and-peri-urban-water-sector-angolas-provincial-capitals,"[('Angola', 6), ('France', 1)]"
161,https://www.afdb.org/en/news-and-events/afdb-board-approves-us-123-77-million-for-angola-urban-water-project-14125,"[('Angola', 11), ('United States of America', 4)]"
162,https://www.afdb.org/en/news-and-events/afdb-board-approves-us-135-million-for-zambias-small-towns-water-and-sanitation-program-16403,"[('United States of America', 6), ('Zambia', 8)]"
163,https://www.afdb.org/en/news-and-events/first-flood-then-drought-climate-resilience-project-helps-farmers-thrive-mozambique-36790,"[('Mozambique', 14), ('South Africa', 3)]"
164,https://www.afdb.org/en/news-and-events/in-western-zambia-community-champions-mobilize-for-better-sanitation-decent-latrines-19073,"[('United States of America', 2), ('Zambia', 15)]"
165,https://www.afdb.org/en/news-and-events/mozambique-water-project-boosts-yields-farmers-grapple-climate-extremes-36679,"[('Mozambique', 9), ('State of Palestine', 1)]"
166,https://www.afdb.org/en/news-and-events/press-releases/malawi-african-development-bank-managed-water-and-sanitation-project-helping-curb-covid-19-wins-prince-talal-international-prize-human-development-35532,"[('Malawi', 9)]"
167,https://www.afdb.org/en/news-and-events/press-releases/namibia-african-development-bank-approves-1217-million-loan-euro-3-million-grant-support-water-and-sanitation-sector-34727,"[('Namibia', 9)]"
168,https://www.afdb.org/en/news-and-events/the-african-water-facility-supports-improved-smallholder-farmers-resilience-to-climate-change-through-irrigation-upscaling-16345,"[('Zambia', 11)]"
169,https://www.afdb.org/en/news-and-events/zambia-african-development-bank-and-partners-improving-sanitation-lusakas-low-income-suburbs-32756,"[('Zambia', 16)]"
170,https://www.afdb.org/en/success-stories/african-development-bank-funded-water-and-sanitation-program-helping-ethiopia-fight-covid-19-36008,"[('Ethiopia', 17), ('Finland', 1), ('United Kingdom', 1)]"
171,https://www.afdb.org/en/success-stories/zambia-mine-field-agriculture-project-helps-youth-turn-away-copper-and-live-land-36948,"[('Benin', 1), ('Ivory Coast', 1), ('Kenya', 1), ('Liberia', 1), ('Malawi', 1), ('Mali', 1), ('Niger', 1), ('Senegal', 1), ('Tanzania', 1), ('The Gambia', 1), ('Zambia', 18)]"
172,https://www.afdb.org/en/success-stories/zimbabwe-33-million-african-development-bank-clean-water-and-sanitation-project-nears-completion-34164,"[('Nigeria', 16), ('Zimbabwe', 17)]"
173,https://www.africa-newsroom.com/press/disease-detection-in-a-box--a-hightech-solution-for-emergency-settings?lang=en,"[('Brazil', 1), ('Mozambique', 10), ('United States of America', 2)]"
174,https://www.africa-newsroom.com/press/iom-supports-droughtstricken-mozambique-community-with-emergency-water-aid?lang=en,"[('Mozambique', 5), ('South Africa', 1), ('Sri Lanka', 1), ('Switzerland', 2)]"
175,https://www.africa-newsroom.com/press/mozambique-flooding-and-response-both-enormous-in-scale?lang=en,"[('Belgium', 2), ('France', 1), ('Malawi', 1), ('Mozambique', 25), ('Switzerland', 2), ('United Arab Emirates', 1)]"
176,https://www.africanews.com/2016/05/23/water-crisis-hits-angola//,"[('Angola', 16)]"
177,https://www.afrik21.africa/en/angola-namibia-concluded-agreement-for-baynes-dam-construction-in-2021/,"[('Angola', 12), ('France', 6), ('Namibia', 18), ('South Africa', 4), ('United Kingdom', 2)]"
178,https://www.afrik21.africa/en/angola-restoration-work-on-camacupa-dam-to-resume-soon/,"[('Angola', 15), ('France', 3), ('Namibia', 2), ('United Kingdom', 1)]"
179,https://www.afrik21.africa/en/angola-several-projects-to-improve-drinking-water-supply/,"[('Angola', 22), ('France', 3), ('Germany', 1), ('India', 1), ('Japan', 1), ('Namibia', 1), (""People's Republic of China"", 2), ('Portuguese Empire', 1), ('Spain', 1), ('Sri Lanka', 2), ('United Kingdom', 1)]"
180,https://www.afrik21.africa/en/angola-six-water-research-laboratories-to-be-established-in-five-provinces/,"[('Angola', 35), ('France', 3), ('Namibia', 1), (""People's Republic of China"", 2), ('Portuguese Empire', 2), ('Sri Lanka', 1), ('United Kingdom', 1)]"
181,https://www.afrik21.africa/en/angola-suez-and-partners-secure-contract-for-drinking-water-plant-in-bita/,"[('Angola', 12), ('France', 9), ('Portugal', 3), ('United Kingdom', 1)]"
182,https://www.afrik21.africa/en/cooperation-namibia-and-angola-launch-transboundary-water-project/,"[('Angola', 16), ('Botswana', 4), ('France', 6), ('Germany', 2), ('Namibia', 10), ('United Kingdom', 2)]"
183,https://www.afrik21.africa/en/drc-afdb-provides-73-million-for-grand-inga-dam-feasibility-studies/,"[('Democratic Republic of the Congo', 9), ('France', 3), (""People's Republic of China"", 2), ('Spain', 1), ('United Kingdom', 1), ('United States of America', 2)]"
184,https://www.afrik21.africa/en/drc-government-launches-drinking-water-project-in-the-town-of-mbuji-mayi/,"[('Democratic Republic of the Congo', 15), ('France', 3), (""People's Republic of China"", 2), ('Romania', 1), ('United Kingdom', 1)]"
185,https://www.afrik21.africa/en/drc-government-unites-africa-around-the-grand-inga-hydroelectric-project/,"[('Democratic Republic of the Congo', 8), ('France', 4), ('United Kingdom', 1)]"
186,https://www.afrik21.africa/en/drc-heavy-flooding-ravage-the-east/,"[('Burundi', 1), ('Central African Republic', 1), ('Democratic Republic of the Congo', 12), ('France', 3), ('Republic of the Congo', 1), ('Rwanda', 1), ('Tanzania', 1), ('Uganda', 2), ('United Kingdom', 1), ('Zambia', 1)]"
187,https://www.afrik21.africa/en/drc-new-water-sources-for-health-facilities-in-butembo-and-katwa/,"[('Democratic Republic of the Congo', 11), ('France', 3), ('India', 2), ('Romania', 1), ('United Kingdom', 1)]"
188,https://www.afrik21.africa/en/drc-wietc-launches-construction-of-a-large-drinking-water-plant-in-kinshasa/,"[('Democratic Republic of the Congo', 23), ('France', 4), (""People's Republic of China"", 6), ('United Kingdom', 1)]"
189,https://www.afrik21.africa/en/eswatini-afdb-finances-feasibility-studies-for-several-dams-in-the-kingdom/,"[('Eswatini', 4), ('France', 3), ('South Africa', 2), ('United Kingdom', 1), ('United States of America', 3)]"
190,https://www.afrik21.africa/en/kenya-government-invests-791-million-for-two-drinking-water-projects-in-the-country/,"[('Australia', 3), ('Colombia', 3), ('France', 3), ('Kenya', 9), ('Romania', 1), ('United Kingdom', 1)]"
191,https://www.afrik21.africa/en/kenya-government-re-launches-work-on-thiba-dam-with-6-million/,"[('France', 3), ('Germany', 1), ('Japan', 1), ('Kenya', 10), ('United Kingdom', 1)]"
192,https://www.afrik21.africa/en/kenya-water-security-congress-opens-in-april-2020/,"[('France', 3), ('Kenya', 6), ('Senegal', 2), ('United Kingdom', 1), ('United States of America', 1)]"
193,https://www.afrik21.africa/en/malawi-157-million-from-the-world-bank-for-remedial-action-on-watersheds/,"[('France', 3), ('Malawi', 11), ('United Kingdom', 1)]"
194,https://www.afrik21.africa/en/malawi-tanzania-alliance-for-songwe-river-basin-development/,"[('France', 3), ('Malawi', 6), ('Nigeria', 2), ('Tanzania', 12), ('United Kingdom', 1), ('Zambia', 3)]"
195,https://www.afrik21.africa/en/malawi-us215-million-line-of-credit-from-exim-bank-of-india-for-drinking-water/,"[('France', 3), ('India', 7), ('Malawi', 21), ('United Kingdom', 1), ('United States of America', 3)]"
196,https://www.afrik21.africa/en/namibia-decentralisation-for-better-water-and-sanitation-management/,"[('France', 3), ('Namibia', 11), ('Romania', 1), ('United Kingdom', 1)]"
197,https://www.afrik21.africa/en/namibia-drought-stricken-zambezi-region-receives-1-33-million-for-water/,"[('France', 3), ('Namibia', 8), ('Nigeria', 2), ('United Kingdom', 1), ('United States of America', 2)]"
198,https://www.afrik21.africa/en/namibia-effects-of-drought-lead-to-food-shortages-for-nearly-350000-people/,"[('France', 3), ('Madagascar', 2), ('Namibia', 13), ('United Kingdom', 1), ('United States of America', 2)]"
199,https://www.afrik21.africa/en/namibia-government-wants-to-speed-up-walvis-bay-desalination-project/,"[('Botswana', 10), ('France', 3), ('Germany', 3), ('Namibia', 28), ('United Kingdom', 1)]"
200,https://www.afrik21.africa/en/somalia-adf-finances-drinking-water-and-sanitation-project-in-kismayo-and-baidoa/,"[('France', 3), ('Romania', 1), ('Somalia', 18), ('United Kingdom', 1), ('United States of America', 2)]"
201,https://www.afrik21.africa/en/tanzania-world-bank-finances-drinking-water-in-165-villages/,"[('France', 3), ('Tanzania', 7), ('United Kingdom', 1)]"
202,https://www.afrik21.africa/en/zambia-ccec-suspends-work-on-kafulafuta-dam-construction-site/,"[('France', 3), (""People's Republic of China"", 4), ('United Kingdom', 1), ('Zambia', 9)]"
203,https://www.afrik21.africa/en/zambia-ccec-to-provide-water-to-ndola-through-kafulafuta-dam/,"[('France', 3), (""People's Republic of China"", 7), ('United Kingdom', 1), ('Zambia', 12)]"
204,https://www.afrik21.africa/en/zambia-china-national-complete-will-provide-drinking-water-to-1-million-people/,"[('France', 3), (""People's Republic of China"", 8), ('United Kingdom', 1), ('Zambia', 11)]"
205,https://www.afrik21.africa/en/zambia-government-allocates-new-funds-for-chongwe-water-project/,"[('France', 3), ('United Kingdom', 1), ('Zambia', 17)]"
206,https://www.afro.who.int/news/reaching-key-populations-prevent-spread-disease-ethiopia,"[('Ethiopia', 7)]"
207,https://www.afro.who.int/news/world-health-organization-five-cases-covid-19-confirmed-mozambique,"[('Mozambique', 9), ('Portugal', 1)]"
208,https://www.al-monitor.com/pulse/originals/2019/08/egypt-water-resources-plan-nile-flood-drop-5--million-bcm.html,"[('Egypt', 8), ('Ethiopia', 12), ('Sudan', 4), ('United States of America', 19)]"
209,https://www.aljazeera.com/ajimpact/thirst-zimbabwe-water-crisis-200212205033238.html,"[('Kingdom of Italy', 2), ('Nigeria', 34), (""People's Republic of China"", 6), ('Zimbabwe', 22)]"
210,https://www.aljazeera.com/news/2019/04/mozambique-launches-cholera-vaccine-drive-deadly-outbreak-190403182808673.html,"[('Malawi', 1), ('Mozambique', 10), ('Nigeria', 1)]"
211,https://www.aljazeera.com/news/2019/11/calls-action-somalia-floods-affect-2000000-children-191106092811922.html,"[('Ethiopia', 2), ('Somalia', 14)]"
212,https://www.aljazeera.com/news/2020/05/kenya-floods-kill-194-people-displace-tens-thousands-200506133348867.html,"[('Kenya', 11)]"
213,https://www.aljazeera.com/news/2020/05/zimbabwe-water-shortages-add-plight-multiple-crises-200515061209910.html,"[('Nigeria', 2)]"
214,https://www.amazon.co.uk/Impacts-Drought-Somalia-Atemthi-Dau/dp/3659345741,"[('Australia', 3), ('United Kingdom', 1)]"
215,https://www.bbc.com/news/av/world-africa-38118170/zimbabwe-water-shortage-i-have-never-used-a-shower,"[('Nigeria', 2), ('Zimbabwe', 2)]"
216,https://www.bbc.com/news/in-pictures-46385367,"[('Mozambique', 10)]"
217,https://www.bbc.com/news/magazine-36026451,"[('Democratic Republic of the Congo', 18), ('Tanzania', 2)]"
218,https://www.bbc.com/news/world-africa-21206347,"[('Botswana', 1), ('Mozambique', 13), ('Nigeria', 1), ('South Africa', 3)]"
219,https://www.bbc.com/news/world-africa-38103849,"[('Nigeria', 10), ('Zimbabwe', 28)]"
220,https://www.bbc.com/news/world-africa-50253189,"[('Kenya', 10), ('Nigeria', 2), ('Uganda', 1), ('United States of America', 1)]"
221,https://www.borgenmagazine.com/water-quality-in-the-democratic-republic-of-congo/,"[('Democratic Republic of the Congo', 5)]"
222,https://www.borgenmagazine.com/water-quality-zambia/,"[('Angola', 1), ('Democratic Republic of the Congo', 1), ('Malawi', 1), ('Mozambique', 1), ('Namibia', 1), ('Nigeria', 1), ('Republic of the Congo', 1), ('Tanzania', 1), ('Zambia', 13)]"
223,https://www.busiweek.com/afdbs-intervention-to-curb-covid-19-in-somalias-vulnerable-communities/,"[('Italy', 1), ('Ivory Coast', 2), ('Somalia', 11), ('Uganda', 2), ('United Kingdom', 1)]"
224,https://www.capitalfm.co.ke/news/2020/05/237-dead-800000-displaced-in-kenya-floods/,"[('Australia', 2), ('Kenya', 14), ('United States of America', 2)]"
225,https://www.capitalfm.co.ke/news/2020/07/over-70-families-displaced-in-baringo-floods/,"[('Kenya', 20), ('United States of America', 2)]"
226,https://www.caritas.org/2020/02/zambia-droughts/,"[('United States of America', 1), ('Zambia', 8)]"
227,https://www.cbsnews.com/news/harare-zimbabwe-water-supply-cut-off-today-as-economic-crisis-and-drought-cripple-supplies-2019-09-24/,"[('Nigeria', 10), ('Zimbabwe', 10)]"
228,https://www.climatechangenews.com/2019/07/15/two-million-zimbabwes-capital-no-water-city-turns-off-taps/,"[('Botswana', 2), ('India', 2), ('Nigeria', 12), (""People's Republic of China"", 2), ('South Africa', 4), ('Zimbabwe', 32)]"
229,https://www.clovekvtisni.cz/en/building-resilience-through-access-to-water-in-angola-6037gp,"[('Angola', 8), ('Czech Republic', 1), ('South Africa', 1)]"
230,https://www.cnbcafrica.com/southern-africa/2017/03/15/mozambique-cholera-outbreak-spreading-1200-infected/,"[('Mozambique', 6)]"
231,https://www.cnbcafrica.com/southern-africa/2018/05/16/how-zambia-is-dealing-with-its-water-problem/,"[('Zambia', 11)]"
232,https://www.concern.org.uk/news/access-water-drc-its-about-everyone-working-together,"[('Democratic Republic of the Congo', 11)]"
233,"https://www.concernusa.org/story/decade-drought-in-somalia/#:~:text=Over%20ten%20years%20of%20drought,50%25%20of%20the%20country%20hungry.&text","[('Ethiopia', 2), ('Somalia', 22), ('Somaliland', 1), ('United States of America', 3)]"
234,https://www.contagionlive.com/news/working-against-the-clock-to-stop-cholera-in-mozambique,"[('Mozambique', 14)]"
235,https://www.cytonn.com/topicals/topical-26-february-2017,"[('Ethiopia', 2), ('Kenya', 15), ('Ukraine', 1), ('United States of America', 6)]"
236,https://www.devex.com/news/opinion-in-the-battle-against-covid-19-women-make-somalia-stronger-97345,"[('Somalia', 9)]"
237,https://www.downtoearth.org.in/blog/africa/covid-19-ethiopia-stares-at-water-crisis-70966,"[('Ethiopia', 15)]"
238,https://www.dri.edu/dri-faculty-teach-water-sanitation-hygiene-and-environmental-issues-courses-in-eswatini-swaziland/,"[('Eswatini', 24), ('Ghana', 1), ('India', 1), ('Mozambique', 1), ('Papua New Guinea', 2), ('South Africa', 3), ('United States of America', 2)]"
239,https://www.dw.com/en/world-in-progress-living-with-hiv-and-droughts-in-eswatini/av-51437528,"[('Eswatini', 3)]"
240,https://www.ecomena.org/egypt-water/,"[('Egypt', 2), ('Ethiopia', 5), ('Israel', 2), ('State of Palestine', 1), ('United States of America', 22)]"
241,https://www.egypttoday.com/Article/1/44255/Facts-about-water-resources-and-rationing-in-Egypt,"[('Egypt', 9), ('Ethiopia', 3), ('Sudan', 1), ('United States of America', 18)]"
242,https://www.egypttoday.com/Article/1/85190/Canal-lining-project-saving-Egypt-5-bn-cubic-meters-of,"[('Egypt', 7), ('United States of America', 4)]"
243,https://www.egypttoday.com/Article/1/86792/Egypt-s-Irrigation-min-probes-providing-water-needs-for-farmers,"[('Egypt', 2), ('United States of America', 1)]"
244,https://www.eib.org/en/press/all/2018-196-eswatini-farmers-to-get-improved-access-to-water-with-eib-support,"[('Czech Republic', 1), ('Eswatini', 7), ('Italy', 1), ('Kenya', 1)]"
245,https://www.endwaterpoverty.org/news/zambia-ngo-wash-forum-government-directive-water-supply-Covid,"[(""People's Republic of China"", 1), ('Zambia', 5)]"
246,https://www.esi-africa.com/industry-sectors/water/namibia-aims-for-100-water-access-by-2030-acquires-afdb-support/,"[('Namibia', 8), ('Tanzania', 1)]"
247,https://www.euronews.com/2019/07/15/safe-cheap-and-sustainable-clean-water-technology-for-africa,"[('Botswana', 1), ('Germany', 1), ('Mozambique', 6), ('South Africa', 8), ('Spain', 3)]"
248,https://www.freshwaterintl.org/the-need,"[('Malawi', 5)]"
249,https://www.gfdrr.org/en/eswatini-drought-preparedness,"[('Belgium', 2), ('Eswatini', 9)]"
250,https://www.globalwaters.org/WhereWeWork/Africa/DRC,"[('Democratic Republic of the Congo', 6), ('Republic of the Congo', 1), ('United States of America', 2)]"
251,https://www.grida.no/resources/5139,"[('Angola', 3)]"
252,https://www.heart-resources.org/assignment/increasing-sustainable-access-to-water-sanitation-and-hygiene-wash-in-the-democratic-republic-of-congo-drc-annual-review-2018/,"[('Democratic Republic of the Congo', 3), ('Nigeria', 2)]"
253,https://www.herald.co.zw/borehole-drilling-target-surpassed/,"[('Nigeria', 1), ('Zimbabwe', 1)]"
254,https://www.herald.co.zw/council-steps-up-efforts-to-boost-water-availability/,"[('Zimbabwe', 2)]"
255,https://www.herald.co.zw/editorial-comment-step-up-fight-against-water-pollution/,"[('United States of America', 2), ('Zimbabwe', 3)]"
256,https://www.herald.co.zw/ema-voices-concern-over-surge-in-water-pollution/,"[('Zimbabwe', 2)]"
257,https://www.herald.co.zw/gweru-tightens-water-rationing/,"[('Zimbabwe', 4)]"
258,https://www.herald.co.zw/us520k-for-marondera-water-system-upgrade/,"[('United States of America', 10), ('Zimbabwe', 14)]"
259,https://www.herald.co.zw/vendors-cash-in-on-water-crisis/,"[('United States of America', 2), ('Zimbabwe', 24)]"
260,https://www.herald.co.zw/water-shortage-and-covid19/,"[('Nigeria', 12), ('Zimbabwe', 16)]"
261,https://www.herald.co.zw/water-shortages-hit-ruwa/,"[('Zimbabwe', 8)]"
262,https://www.hindawi.com/journals/aph/2020/6758513/,"[('Eswatini', 63), ('Ghana', 7), ('India', 2), ('Indonesia', 2), ('Iraq', 2), ('Ivory Coast', 1), ('Kenya', 1), ('Kingdom of the Netherlands', 1), ('Mozambique', 1), ('Nigeria', 5), ('South Africa', 6), ('Switzerland', 2), ('Taiwan', 2), ('Uganda', 1), ('United States of America', 24), ('Vietnam', 2), ('Zambia', 1)]"
263,https://www.hindawi.com/journals/jeph/2019/2129792/,"[('Ethiopia', 103), ('Germany', 2), ('Serbia', 2), ('Switzerland', 6), ('United States of America', 8)]"
264,https://www.hrw.org/news/2013/11/19/zimbabwe-water-and-sanitation-crisis,"[('Nigeria', 14), (""People's Republic of China"", 4), ('United States of America', 6), ('Zimbabwe', 24)]"
265,https://www.hrw.org/news/2020/04/15/zimbabwe-unsafe-water-raises-covid-19-risks,"[('Nigeria', 40), ('South Africa', 4), ('United States of America', 8), ('Zimbabwe', 16)]"
266,https://www.hrw.org/report/2013/11/19/troubled-water/burst-pipes-contaminated-wells-and-open-defecation-zimbabwes,"[('Denmark', 2), ('Mozambique', 2), ('Myanmar', 8), ('Nigeria', 168), (""People's Republic of China"", 14), ('United States of America', 16), ('Zimbabwe', 314)]"
267,https://www.humanitariancoalition.ca/ethiopia-floods-response,"[('Canada', 1), ('Ethiopia', 3)]"
268,https://www.iamat.org/country/mozambique/food-and-water-safety,"[('Mozambique', 1)]"
269,https://www.iamat.org/country/somalia/food-and-water-safety,"[('Somalia', 1)]"
270,https://www.idrc.ca/en/research-in-action/improving-water-security-and-reducing-climate-risk-angolas-coastal-cities,"[('Angola', 25), ('United States of America', 1)]"
271,https://www.independent.co.uk/news/world/africa/ethiopia-drought-floods-starvation-malnourished-crisis-catastrophe-east-africa-a7901156.html,"[('Empire of Japan', 1), ('Ethiopia', 23), ('North Korea', 1), ('Somalia', 6), ('United Kingdom', 8)]"
272,https://www.indexmundi.com/facts/eswatini/access-to-basic-drinking-water-services,"[('Eswatini', 4)]"
273,https://www.indexmundi.com/mozambique/major_infectious_diseases.html,"[('Afghanistan', 1), ('Brazil', 1), ('Ethiopia', 1), ('Iran', 1), ('Peru', 1), ('Roman Republic', 2), ('Saudi Arabia', 1), ('Senegal', 1), ('Syria', 1), ('United States of America', 4)]"
274,https://www.justadrop.org/zambia,"[('United Kingdom', 2), ('United States of America', 1), ('Zambia', 17)]"
275,https://www.kcet.org/coronavirus-worldwide/in-parched-southern-africa-coronavirus-spurs-action-on-water-supply,"[('Malawi', 2), ('Mozambique', 4), ('Nigeria', 12), ('South Africa', 24), ('United States of America', 2), ('Zimbabwe', 10)]"
276,https://www.mcc.gov/resources/doc/evalbrief-032320-moz-urban,"[('Mozambique', 32), ('United States of America', 1)]"
277,https://www.mcsprogram.org/resource/the-clean-clinic-approach-for-wash-in-the-democratic-republic-of-congo/,"[('Democratic Republic of the Congo', 5)]"
278,https://www.mercycorps.org/blog/drc-clean-water,"[('Democratic Republic of the Congo', 18)]"
279,https://www.mozambiquetravel.com/blog/food-and-water,"[('Mozambique', 1), ('South Africa', 2)]"
280,https://www.msf.org/floods-somalia-leave-thousands-vulnerable-and-need,"[('Austria', 1), ('Belgium', 2), ('Brazil', 3), ('Ethiopia', 1), ('France', 4), ('Roman Empire', 1), ('Somalia', 19), ('Somaliland', 2), ('South Africa', 3), ('South Sudan', 1), ('Spain', 1), ('Sudan', 1), ('Sweden', 1), ('Switzerland', 1), ('United Kingdom', 1)]"
281,https://www.mw.undp.org/content/malawi/en/home/presscenter/articles/2017/10/17/the-road-to-safe-and-affordable-drinking-water.html,"[('Malawi', 8)]"
282,https://www.mwnation.com/2019-a-herald-of-impending-water-crisis-in-malawis-cities/,"[('Malawi', 20), ('South Africa', 1)]"
283,https://www.mwnation.com/covid-19-hits-k13bn-lilongwe-water-project/,"[('Malawi', 2), ('South Africa', 1)]"
284,https://www.mwnation.com/northern-region-water-board-introduces-prepaid-system/,"[('Malawi', 3)]"
285,https://www.mwnation.com/water-crisis-amid-covid-19/,"[('Malawi', 7), (""People's Republic of China"", 1), ('South Africa', 1), ('Tanzania', 1), ('Zambia', 2)]"
286,https://www.namibian.com.na/190967/archive-read/Namibia-needs-N$12b-for-water,"[('Namibia', 9)]"
287,https://www.namibian.com.na/92624/read/Schlettwein--probes-drought-boreholes,"[('Namibia', 3)]"
288,https://www.namibian.com.na/93204/read/Groot-Aubs-water-woes,"[('Namibia', 3)]"
289,https://www.namibian.com.na/93439/read/Ohangwena-battles-water-scarcity,"[('Namibia', 3)]"
290,https://www.ncbi.nlm.nih.gov/pmc/articles/PMC7063762/,"[('Ethiopia', 49), ('France', 1), ('Greece', 1), ('Guinea', 1), ('India', 11), ('Iran', 4), ('Lesotho', 2), ('Myanmar', 1), ('Pakistan', 7), ('Poland', 1), ('Portugal', 1), ('Saudi Arabia', 5), ('Sierra Leone', 2), ('Spain', 1), ('Sudan', 2), ('Sweden', 1), ('Uganda', 2), ('United States of America', 8)]"
291,https://www.news24.com/news24/africa/news/swazi-villagers-forced-to-drink-water-with-human-waste-report-20180426,"[('Eswatini', 8), ('United States of America', 1)]"
292,https://www.newzimbabwe.com/council-admits-antiquated-water-pumps-spoiling-bulawayo-water/,"[('Nigeria', 8), ('Zimbabwe', 6)]"
293,https://www.newzimbabwe.com/zinwa-in-2-000-mtshabezi-dam-water-tariff-hike/,"[('Nigeria', 12), ('Zimbabwe', 8)]"
294,https://www.niras.com/development-consulting/news/aware-programme/,"[('Germany', 1), ('Zambia', 4)]"
295,https://www.nytimes.com/2016/08/21/world/africa/poverty-drought-malawi-water-supply.html,"[('Madagascar', 1), ('Malawi', 18), ('United States of America', 5), ('Zambia', 1)]"
296,https://www.nytimes.com/2019/07/31/world/africa/zimbabwe-water-crisis.html,"[('Nigeria', 38), (""People's Republic of China"", 2), ('Sri Lanka', 6), ('United States of America', 8), ('Zimbabwe', 30)]"
297,https://www.ohchr.org/EN/NewsEvents/Pages/COVID19_RighttoWaterKenya.aspx,"[('Kenya', 20)]"
298,https://www.oxfam.org/en/press-releases/contaminated-water-grave-threat-somalis,"[('Somalia', 20), ('United States of America', 1)]"
299,https://www.peacecorps.gov/eswatini/stories/bringing-water-swaziland/,"[('Eswatini', 3), ('Spain', 1)]"
300,https://www.powermag.com/rains-complicate-ethiopian-hydro-dam-dispute/,"[('Ethiopia', 16), ('South Africa', 1), ('Sudan', 4), ('United States of America', 10)]"
301,https://www.reuters.com/article/us-ethiopia-dam-factbox/factbox-key-facts-about-ethiopias-giant-nile-dam-idUSKBN1XG21L,"[('Azerbaijan', 1), ('Egypt', 3), ('Ethiopia', 15), ('Russia', 1), ('Sudan', 5), ('United States of America', 16)]"
302,https://www.sadc.int/opportunities/sadc-water-fund/cross-border-water-supply-project/,"[('Botswana', 3), ('Eswatini', 2), ('Germany', 1), ('Mozambique', 6)]"
303,https://www.scidev.net/sub-saharan-africa/water/feature/namibia-innovative-water-system.html,"[('Australia', 1), ('Malaysia', 1), ('Namibia', 40), ('South Africa', 14), ('United States of America', 4)]"
304,https://www.sciencedaily.com/releases/2013/12/131206091425.htm,"[('Mozambique', 22), ('Norway', 4)]"
305,https://www.sciencedirect.com/science/article/pii/S0305750X20300905,"[('Ethiopia', 3)]"
306,https://www.scoop.co.nz/stories/WO1108/S00431/water-borne-diseases-threaten-children-s-lives-in-somalia.htm,"[('Fiji', 1), ('New Zealand', 1), ('Somalia', 21)]"
307,https://www.standardmedia.co.ke/the-standard-insider/article/2001381515/saving-water-towers-aberdare-and-mt-kenya-forests-face-combination-of-odds,"[('Kenya', 32)]"
308,https://www.tanzaniainvest.com/water,"[('Australia', 2), ('Tanzania', 23)]"
309,https://www.telegraph.co.uk/global-health/climate-and-people/floods-drought-challenges-facing-mozambiques-farmers-cyclone/,"[('Malawi', 1), ('Mozambique', 8), ('Nigeria', 1), ('United Kingdom', 2)]"
310,https://www.thecitizen.co.tz/news/What-hygiene--water-access-mean-in-anti-Covid-19-battle/1840340-5521966-format-xhtml-lyleml/index.html,"[('Tanzania', 8)]"
311,https://www.theglobeandmail.com/world/article-extreme-weather-leaves-45-million-in-southern-africa-facing-severe/,"[('Angola', 3), ('Botswana', 3), ('Canada', 2), ('Comoros', 1), ('Eswatini', 3), ('Ethiopia', 1), ('France', 1), ('Kenya', 1), ('Lesotho', 2), ('Madagascar', 3), ('Malawi', 3), ('Mozambique', 8), ('Namibia', 4), ('Nigeria', 4), ('Portuguese Empire', 1), ('Somalia', 1), ('South Sudan', 2), ('Sudan', 2), ('Tanzania', 3), ('Zambia', 4)]"
312,https://www.theguardian.com/environment/2018/apr/22/mozambique-prays-for-rain-water-shortages-hit-poor-maputo-southern-africa-drought,"[('Eswatini', 2), ('Mozambique', 34), ('South Africa', 14), ('Zambia', 2)]"
313,https://www.theguardian.com/global-development/2017/aug/07/how-an-ancient-well-is-bringing-northern-namibia-water-until-funds-dry-up,"[('Angola', 3), ('Germany', 1), ('Namibia', 34)]"
314,https://www.theguardian.com/global-development/2018/jan/24/no-privacy-school-respite-mozambique-water-crisis,"[('Mozambique', 15), ('Portugal', 4), ('United Kingdom', 1)]"
315,https://www.theguardian.com/global-development/2020/jan/22/millions-at-risk-after-toxins-found-in-harare-water-supply-study-finds,"[('Nigeria', 7), ('South Africa', 2), ('United States of America', 2), ('Zimbabwe', 16)]"
316,https://www.theguardian.com/global-development/gallery/2020/feb/10/not-a-sip-of-water-in-the-house-living-with-hiv-in-a-drought-eswatini-in-pictures,"[('Eswatini', 5)]"
317,https://www.theguardian.com/world/2019/nov/19/we-have-nothing-somalia-floods-raise-spectre-of-famine,"[('Somalia', 22)]"
318,https://www.theguardian.com/world/2020/mar/12/zambians-water-shortage-drought-lake-rainfall,"[('Nigeria', 1), ('Zambia', 13)]"
319,https://www.thenewhumanitarian.org/news-feature/2018/11/02/old-drains-and-dirty-water-zimbabwe-s-chronic-cholera-crisis,"[('Nigeria', 2), ('Zimbabwe', 8)]"
320,https://www.thenewhumanitarian.org/news/2020/05/04/Kenya-floods-displacement-coronavirus,"[('Ethiopia', 1), ('Kenya', 7), ('Somalia', 4), ('South Sudan', 1)]"
321,https://www.thirstproject.org/eswatini/,"[('Eswatini', 8)]"
322,https://www.ukessays.com/essays/environmental-studies/water-pollution-in-egypt.php,"[('Iraq', 1), ('United States of America', 8)]"
323,https://www.undp.org/content/undp/en/home/blog/2020/in-tanzania--electricity-and-clean-water-comes-from-a-box.html,"[('Australia', 2), ('Tanzania', 11), ('Uganda', 1), ('United States of America', 1)]"
324,https://www.undp.org/content/undp/en/home/presscenter/articles/2012/07/20/angola-improved-water-governance-boosts-access-to-clean-water-.html/,"[('Angola', 7)]"
325,https://www.unenvironment.org/news-and-stories/story/unep-launches-pioneering-water-initiative-drc-protect-supply-safe-water,"[('Democratic Republic of the Congo', 15), ('Switzerland', 1), ('Uganda', 1), ('United States of America', 1)]"
326,https://www.unicef.org/angola/en/stories/digging-survive-how-people-are-facing-drought-angola,"[('Angola', 34), ('United States of America', 1)]"
327,https://www.unicef.org/drcongo/en/stories/water-life-survival,"[('Democratic Republic of the Congo', 4), ('France', 1)]"
328,https://www.unicef.org/drcongo/en/what-we-do/water-sanitation-and-hygiene,"[('Democratic Republic of the Congo', 4)]"
329,https://www.unicef.org/egypt/water-sanitation-and-hygiene,"[('Egypt', 9), ('United States of America', 5)]"
330,https://www.unicef.org/eswatini/water-sanitation-and-hygiene-wash,"[('Eswatini', 4)]"
331,https://www.unicef.org/press-releases/nearly-15000-cases-malaria-reported-areas-mozambique-affected-cyclone-idai-unicef,"[('Mozambique', 7), ('United States of America', 1)]"
332,https://www.unicef.org/stories/solar-power-keeps-water-flowing-malawi,"[('India', 1), ('Malawi', 10), ('United Kingdom', 1)]"
333,https://www.unicef.org/zambia/press-releases/around-150000-zambians-and-refugees-benefit-improved-water-sanitation-and-hygiene,"[('Angola', 1), ('Democratic Republic of the Congo', 6), ('Germany', 8), ('Rwanda', 1), ('Sierra Leone', 1), ('West Germany', 3), ('Zambia', 29)]"
334,https://www.unicef.org/zambia/water-sanitation-and-hygiene,"[('Zambia', 8)]"
335,https://www.unicef.org/zimbabwe/water-sanitation-and-hygiene-wash,"[('Nigeria', 10)]"
336,https://www.unocha.org/story/ethiopia-floods-impact-thousands-people,"[('Ethiopia', 6), ('United States of America', 1)]"
337,https://www.unwater.org/publications/un-water-country-briefs-zambia-2/,"[('Bangladesh', 1), ('Chile', 1), ('Ghana', 1), ('Guyana', 1), ('Kyrgyzstan', 1), ('Mexico', 1), ('Mongolia', 1), ('Oman', 1), ('Philippines', 1), ('Tanzania', 1), ('The Gambia', 1), ('Vietnam', 1), ('Zambia', 2)]"
338,https://www.veolia.com/en/newsroom/news/drinking-water-recycling-wastewater-windhoek-namibia,"[('Namibia', 14)]"
339,https://www.voanews.com/africa/mozambique-scrambles-contain-cholera-outbreak,"[('France', 1), ('Malawi', 1), ('Mozambique', 10), ('Nigeria', 1)]"
340,https://www.voanews.com/africa/mozambique-warns-more-flooding-cyclone-filled-dams,"[('Malawi', 2), ('Mozambique', 14), ('Nigeria', 2), ('South Africa', 2), ('United States of America', 1)]"
341,"https://www.voanews.com/africa/somalia-struggles-after-worst-flooding-recent-history#:~:text=4%2C%202019.,-More%20rain%2C%20flooding&text=With%20more%20heav","[('Ethiopia', 1), ('Norway', 1), ('Somalia', 22)]"
342,https://www.voanews.com/covid-19-pandemic/kenyan-capitals-water-shortage-raises-covid-19-risk,"[('Kenya', 9)]"
343,https://www.washingtonpost.com/news/worldviews/wp/2017/05/01/ethiopia-is-facing-a-killer-drought-but-its-going-almost-unnoticed/,"[('Ethiopia', 19), ('Nigeria', 1), ('Somalia', 6), ('South Sudan', 2), ('Sudan', 2), ('United States of America', 2), ('Yemen', 1)]"
344,https://www.water-technology.net/projects/bieradondo/,"[('Belgium', 3), ('Ireland', 1), ('Kingdom of Portugal', 1), ('Kingdom of the Netherlands', 1), ('Mozambique', 38), ('Portugal', 1), ('United States of America', 1)]"
345,https://www.wateraid.org/mw/facts-and-statistics,"[('Kingdom of England', 1), ('Malawi', 10), ('United Kingdom', 4)]"
346,https://www.wateraid.org/se/where-we-work/eswatini,"[('Eswatini', 3), ('Mozambique', 1), ('South Africa', 1)]"
347,https://www.wateraid.org/where-we-work/tanzania,"[('Tanzania', 11)]"
348,https://www.wateraid.org/where-we-work/zambia,"[('United Kingdom', 1), ('Zambia', 10)]"
349,https://www.weforum.org/agenda/2019/11/water-crisis-builds-in-egypt-as-dam-talks-falter-temperatures-rise/,"[('Egypt', 6), ('Ethiopia', 5), ('Sudan', 3), ('United States of America', 15)]"
350,https://www.weforum.org/agenda/2020/01/zimbabwes-bulawayo-water-drought/,"[('Nigeria', 4), ('Zimbabwe', 12)]"
351,https://www.worldbank.org/en/about/partners/brief/kenya-using-private-financing-to-improve-water-services,"[('Germany', 1), ('Kenya', 14), ('United States of America', 1)]"
352,https://www.worldbank.org/en/news/feature/2015/02/19/addressing-climate-change-threats-zimbabwe-water-resources,"[('Nigeria', 26)]"
353,https://www.worldbank.org/en/news/feature/2019/04/30/water-and-sanitation-in-ethiopia---building-blocks-of-progress,"[('Ethiopia', 11)]"
354,https://www.worldbank.org/en/news/feature/2020/04/20/tackling-covid-19-coronavirus-with-water-sanitation-and-hygiene-in-drc,"[('Belgium', 1), ('Democratic Republic of the Congo', 11)]"
355,https://www.worldbank.org/en/news/feature/2020/05/11/in-ethiopia-keeping-water-flowing-during-the-covid-19-coronavirus-response,"[('Ethiopia', 11)]"
356,https://www.worldbank.org/en/news/press-release/2018/03/20/improving-water-supply-and-sanitation-can-help-tanzania-achieve-its-human-development-goals,"[('Burundi', 1), ('Malawi', 1), ('Somalia', 1), ('Tanzania', 9)]"
357,https://www.worldbank.org/en/news/press-release/2019/06/14/mozambique-gets-further-support-for-its-water-systems-following-demages-caused-by-cyclones,"[('Kingdom of the Netherlands', 1), ('Malawi', 1), ('Mozambique', 11), ('Nigeria', 1), ('United States of America', 1)]"
358,https://www.worldbank.org/en/news/press-release/2019/07/16/angola-new-world-bank-projects-will-support-inclusive-growth-water-services-and-social-protection,"[('Angola', 15)]"
359,https://www.worldometers.info/water/angola-water/,"[('Angola', 3)]"
360,https://www.worldometers.info/water/democratic-republic-of-the-congo-water/,"[('Democratic Republic of the Congo', 2)]"
361,https://www.worldometers.info/water/swaziland-water/,"[('Eswatini', 3)]"
362,https://www.worldometers.info/water/zambia-water/,"[('Zambia', 3)]"
363,https://www.worldvision.com.au/global-issues/work-we-do/water-sanitation/turning-on-the-tap-to-clean-water-in-rural-zambia,"[('Australia', 3), ('Zambia', 3)]"
364,https://www.worldvision.org/clean-water-news-stories/water-walk-determines-ireen-future-malawi,"[('Burundi', 1), ('Central African Republic', 1), ('Democratic Republic of the Congo', 1), ('Lebanon', 1), ('Malawi', 11), ('Mozambique', 1), ('Republic of the Congo', 1), ('South Africa', 1), ('United Kingdom', 1), ('United States of America', 2)]"
365,https://www.worldwatersolar.com/covid-19-ethiopia-stares-at-water-crisis/,"[('Ethiopia', 14)]"
366,https://www.wvi.org/africa/article/over-283000-people-mozambique-now-have-access-clean-water,"[('Mozambique', 5)]"
367,https://www.wvi.org/article/relief-work-covers-urgent-needs-190000-people-drought-hit-provinces-mozambique,"[('Mozambique', 6), ('Sri Lanka', 1), ('United States of America', 1)]"
368,https://www.wvi.org/stories/coronavirus-health-crisis/hidden-heroes-working-hard-provide-water-communities-kenya,"[('Kenya', 14)]"
369,https://yubanet.com/world/drought-in-somalia-leads-to-life-threatening-food-conditions-irc-scaling-up-response/,"[('Somalia', 10), ('United States of America', 2)]"
